System,Version,Year,Tau,P_Value,CI_Lower,CI_Upper,Spearman_Rho,System_Total,Acoustics_pts,Thermal_pts,Lighting_pts,Air_pts,Acoustics_pct,Thermal_pct,Lighting_pct,Air_pct,Acoustics_gap,Thermal_gap,Lighting_gap,Air_gap
LEED,2009,2009,-1.0,0.08333333333333333,-1.0,-1.0,-1.0,110,0.0,1.0,3.0,11.0,0.0,0.9090909090909091,2.727272727272727,10.0,-54.0,-38.09090909090909,-23.272727272727273,-10.0
LEED,v4,2013,-0.912870929175277,0.07095149242730564,-1.0,-0.7745966692414834,-0.9486832980505139,110,1.0,1.0,6.0,8.0,0.9090909090909091,0.9090909090909091,5.454545454545454,7.2727272727272725,-53.09090909090909,-38.09090909090909,-20.545454545454547,-12.727272727272727
LEED,v4.1,2019,-0.912870929175277,0.07095149242730564,-1.0,-0.7745966692414834,-0.9486832980505139,110,1.0,1.0,6.0,8.0,0.9090909090909091,0.9090909090909091,5.454545454545454,7.2727272727272725,-53.09090909090909,-38.09090909090909,-20.545454545454547,-12.727272727272727
LEED,v5,2025,0.7071067811865477,0.17971249487899976,0.7071067811865477,1.0,0.7745966692414834,110,3.3333333333333335,3.3333333333333335,3.3333333333333335,3.0,3.0303030303030307,3.0303030303030307,3.0303030303030307,2.727272727272727,-50.96969696969697,-35.96969696969697,-22.96969696969697,-17.272727272727273
WELL,v1,2014,-0.6666666666666669,0.3333333333333333,-1.0,1.0,-0.7999999999999999,59,4.0,2.0,7.0,17.0,6.779661016949152,3.389830508474576,11.864406779661017,28.8135593220339,-47.22033898305085,-35.610169491525426,-14.135593220338983,8.8135593220339
WELL,v2,2025,-1.0,0.08333333333333333,-1.0,-1.0,-1.0,110,11.0,12.0,14.0,18.0,10.0,10.909090909090908,12.727272727272727,16.363636363636363,-44.0,-28.090909090909093,-13.272727272727273,-3.6363636363636367
